﻿대분류,경험여부,질병,병명/물질/유형,발병시기,치료경과,경험한 신체적 질병이나 의학적 문제
육체적 질병 경험,Y,간질/경련/발작,-,2024-07,치료중,-
정신과적 질병 경험,Y,우울장애,-,-,-,-
정신과적 질병 경험,Y,공황장애,-,-,-,-
정신과적 질병 경험,Y,적응장애,-,-,-,-
정신과적 진단,Y,공황장애,-,2024-07,-,"우울기분,욕구증가(소비증가),흥미저하,감정기복,에너지 저하,짜증,불안,공황,공격성"
정신과적 진단,Y,적응장애,-,2023-07,-,"우울기분,감정기복,에너지 저하,짜증,공격성"
