﻿종류,세부종류,시간대,양,약물명,작성일
카페인,커피전문점의 커피,오전,1,-,2025-02-14
카페인,커피전문점의 커피,오전,1,-,2025-02-14
카페인,커피전문점의 커피,오전,1,-,2025-02-14
흡연,-,-,1,-,2025-02-14
흡연,-,-,1,-,2025-02-14
식사,중식(점심),-,-,-,2025-02-14
식사,석식(저녁),-,-,-,2025-02-14
카페인,인스턴트 커피,오전,2,-,2025-02-26
식사,조식(아침),-,-,-,2025-02-26
공황 증상 조절 비상약,복용함,-,1,자낙스 인데놀,2025-02-26
