﻿설문명,주제 순번,주제,질문 순번,질문,답변 순번,점수,역채점인 경우 역채점 점수,선택지 내용,작성일
공황장애 심각도 척도,1,-,1,지난 주 동안 공황 발작 또는 제한된 증상 발작을 얼마나 자주 경험하셨습니까?,5,4,-,극심함. 하루에도 여러 번 완전한 공황 발작이 일어남. 발작이 없는 날보다 있는 날이 더 많음,2025-03-31
공황장애 심각도 척도,1,-,2,"만약 지난주에 공황 발작이 있었다면, 공황 발작이 일어날 때 얼마나 불쾌했습니까(두려웠습니까?)",3,2,-,중증도의 불쾌감 (강하긴 했지만 견딜 만 했음),2025-03-31
공황장애 심각도 척도,1,-,3,"지난 주 동안, 다음 공황 발작이 일어날까봐, 또는 발작과 관련된 공포에 대해서 얼마나 불안해하고 걱정하셨습니까?",2,1,-,간혹 걱정하거나 약간만 염려했음,2025-03-31
공황장애 심각도 척도,1,-,4,"지난 주 동안, 공황 발작이 올 것 같은 공포 때문에 어떤 장소나 상황(예를 들어, 대중교통, 극장, 군중들 속, 다리, 터널, 쇼핑몰, 혼자 있을 때)을 회피했거나, 두려움(피하고 싶은 느낌이 드는 불편감)을 느낀 적이 있습니까? 아니면 같은 이유로, 그런 상황에 처한다면 피해야만 하거나 두려움을 느낄 다른 상황이 있었습니까? 만약 어느 한 경우라도 그렇다면, 지난 주 동안의 공포와 회피의 정도를 평가해 주십시오.",3,2,-,중증도. 현저한 불안이나 회피가 있으나 견딜만 함. 두려운 상황을 피하기는 하지만 동료와 함께 있으면 직면할 수 있음. 일상 생활에 약간의 조정은 필요하나 전반적 기능 손상은 없음,2025-03-31
공황장애 심각도 척도,1,-,5,"지난 주 동안, 공황 발작 시 경험하는 것과 유사한 신체 감각을 일으키거나, 혹은 공황 발작을 야기할까봐 두려워서 어떤 활동(예를 들어, 신체적 운동, 성 관계, 뜨거운 물로 샤워나 목욕하기, 커피 마시기, 흥분되거나 무서운 영화 보기)을 회피했거나, 두려움(피하거나 그만하고 싶을 정도로 그 활동을 하는 것이 불편함)을 느낀 적이 있습니까? 아니면 같은 이유로, 지난 주 동안 피해야만 했거나 두려움을 느꼈던 다른 활동이 있었습니까? 만약 어느 한 경우라도 그렇다면, 지난 주 동안 활동에 대한 공포와 회피를 평가해 주십시오.",2,1,-,"경도. 종종 두려움이나 회피가 있기는 하지만, 평소대로 거의 불편함 없이 신체적 감각을 야기하는 활동과 상황을 직면하거나 참아낼 수 있음. 이로 인한 일상 생활의 수정이 거의 필요하지 않음",2025-03-31
공황장애 심각도 척도,1,-,6,"지난 주 동안, 상기 증상들 모두가(공황, 제한된 증상 발작, 발작과 관련된 걱정, 발작 때문에 상황이나 활동을 두려워함) 집안 일을 하거나 직장에서 업무를 수행하는데 얼마나 방해를 했습니까?",2,1,-,집안 일이나 직장에서의 업무 수행에 약간 방해를 받음. 그러나 문제가 없을 경우와 마찬가지로 거의 모든 일을 처리할 수 있음,2025-03-31
공황장애 심각도 척도,1,-,7,"지난 주 동안, 공황 발작, 제한된 증상 발작, 발작에 대한 걱정, 공황 발작으로 인한 상황이나 활동에 대한 두려움 등이 얼마나 사회 활동을 방해했습니까?",2,1,-,사회 활동에 약간 방해를 받음. 그러나 문제가 없을 경우와 마찬가지로 거의 모든 일을 처리할 수 있음,2025-03-31
한국어판 우울증 선별도구,1,지난 2주 동안 다음과 같은 문제를 얼마나 자주 겪었는지 해당되는 란에 표시해 주시기 바랍니다.,1,매사에 흥미나 즐거움이 거의 없다,3,2,-,1주일 이상,2025-03-31
한국어판 우울증 선별도구,1,지난 2주 동안 다음과 같은 문제를 얼마나 자주 겪었는지 해당되는 란에 표시해 주시기 바랍니다.,2,기분이 가라앉거나 우울하거나 희망이 없다고 느낀다,2,1,-,며칠 동안,2025-03-31
한국어판 우울증 선별도구,1,지난 2주 동안 다음과 같은 문제를 얼마나 자주 겪었는지 해당되는 란에 표시해 주시기 바랍니다.,3,잠들기 어렵거나 자주 깬다/혹은 잠을 너무 많이 잔다,4,3,-,거의 매일,2025-03-31
한국어판 우울증 선별도구,1,지난 2주 동안 다음과 같은 문제를 얼마나 자주 겪었는지 해당되는 란에 표시해 주시기 바랍니다.,4,피곤하다고 느끼거나 기운이 거의 없다,4,3,-,거의 매일,2025-03-31
한국어판 우울증 선별도구,1,지난 2주 동안 다음과 같은 문제를 얼마나 자주 겪었는지 해당되는 란에 표시해 주시기 바랍니다.,5,식욕이 줄었다/혹은 너무 많이 먹는다,2,1,-,며칠 동안,2025-03-31
한국어판 우울증 선별도구,1,지난 2주 동안 다음과 같은 문제를 얼마나 자주 겪었는지 해당되는 란에 표시해 주시기 바랍니다.,6,내 자신이 실패자로 여겨지거나 자신과 가족을 실망시켰다고 느낀다,3,2,-,1주일 이상,2025-03-31
한국어판 우울증 선별도구,1,지난 2주 동안 다음과 같은 문제를 얼마나 자주 겪었는지 해당되는 란에 표시해 주시기 바랍니다.,7,신문을 읽거나 TV를 보는 것과 같은 일상적인 일에 집중하기 어렵다,2,1,-,며칠 동안,2025-03-31
한국어판 우울증 선별도구,1,지난 2주 동안 다음과 같은 문제를 얼마나 자주 겪었는지 해당되는 란에 표시해 주시기 바랍니다.,8,다른 사람들이 눈치 챌 정도로 평소보다 말과 행동이 느리다/혹은 너무 안절부절 못해서 가만히 앉아 있을 수 없다,2,1,-,며칠 동안,2025-03-31
한국어판 우울증 선별도구,1,지난 2주 동안 다음과 같은 문제를 얼마나 자주 겪었는지 해당되는 란에 표시해 주시기 바랍니다.,9,차라리 죽는 것이 낫겠다고 생각하거나 어떻게든 자해를 하려고 생각한다,2,1,-,며칠 동안,2025-03-31
한국어판 우울증 선별도구,2,-,1,"만약 앞의 문제 중 한 개라도 해당되는게 있다면 그것으로 인하여 일상생활(직장 일, 집안 일, 대인관계)에 어느정도 어려움을 느낍니까?",2,,-,다소 어렵다,2025-03-31
한국판 역학연구 우울척도 개정판,1,-,1,식욕이 없었다.,2,1,-,지난 일주일간 1~2일,2025-03-31
한국판 역학연구 우울척도 개정판,1,-,2,울적한 기분을 떨쳐 버릴 수 없었다.,3,2,-,지난 일주일간 3~4일,2025-03-31
한국판 역학연구 우울척도 개정판,1,-,3,무슨 일을 하든 정신을 집중하기가 힘들었다.,2,1,-,지난 일주일간 1~2일,2025-03-31
한국판 역학연구 우울척도 개정판,1,-,4,상당히 우울했다.,3,2,-,지난 일주일간 3~4일,2025-03-31
한국판 역학연구 우울척도 개정판,1,-,5,잠을 설쳤다(잠을 잘 이루지 못했다).,5,4,-,2주간 거의 매일,2025-03-31
한국판 역학연구 우울척도 개정판,1,-,6,마음이 슬펐다.,3,2,-,지난 일주일간 3~4일,2025-03-31
한국판 역학연구 우울척도 개정판,1,-,7,도무지 뭘 해 나갈 엄두가 나지 않았다.,2,1,-,지난 일주일간 1~2일,2025-03-31
한국판 역학연구 우울척도 개정판,1,-,8,나를 행복하게 하는 것은 아무것도 없었다.,2,1,-,지난 일주일간 1~2일,2025-03-31
한국판 역학연구 우울척도 개정판,1,-,9,내가 나쁜 사람처럼 느껴졌다.,3,2,-,지난 일주일간 3~4일,2025-03-31
한국판 역학연구 우울척도 개정판,1,-,10,일상 활동에 대한 흥미를 잃었다.,2,1,-,지난 일주일간 1~2일,2025-03-31
한국판 역학연구 우울척도 개정판,1,-,11,평소보다 훨씬 더 많이 잤다.,2,1,-,지난 일주일간 1~2일,2025-03-31
한국판 역학연구 우울척도 개정판,1,-,12,내 움직임이 너무 둔해진 것처럼 느껴졌다.,3,2,-,지난 일주일간 3~4일,2025-03-31
한국판 역학연구 우울척도 개정판,1,-,13,안절부절 못했다.,2,1,-,지난 일주일간 1~2일,2025-03-31
한국판 역학연구 우울척도 개정판,1,-,14,죽었으면 하고 바랬다.,2,1,-,지난 일주일간 1~2일,2025-03-31
한국판 역학연구 우울척도 개정판,1,-,15,자해하고 싶었다.,2,1,-,지난 일주일간 1~2일,2025-03-31
한국판 역학연구 우울척도 개정판,1,-,16,항상 피곤했다.,5,4,-,2주간 거의 매일,2025-03-31
한국판 역학연구 우울척도 개정판,1,-,17,나 자신이 싫었다.,3,2,-,지난 일주일간 3~4일,2025-03-31
한국판 역학연구 우울척도 개정판,1,-,18,"(살을 빼려고) 노력하지 않았는데, 몸무게가 많이 줄었다.",1,0,-,지난 일주일간 1일 미만,2025-03-31
한국판 역학연구 우울척도 개정판,1,-,19,잠들기가 많이 힘들었다.,5,4,-,2주간 거의 매일,2025-03-31
한국판 역학연구 우울척도 개정판,1,-,20,중요한 일에 집중할 수가 없었다.,2,1,-,지난 일주일간 1~2일,2025-03-31
한글판 범불안 장애,1,-,1,초조하거나 불안하거나 조마조마하게 느낀다,1,0,-,전혀 방해 받지 않았다,2025-03-31
한글판 범불안 장애,1,-,2,걱정하는 것을 멈추거나 조절할 수가 없다,2,1,-,며칠동안 방해 받았다,2025-03-31
한글판 범불안 장애,1,-,3,여러 가지 것들에 대해 걱정을 너무 많이 한다,3,2,-,2주 중 절반 이상 방해 받았다,2025-03-31
한글판 범불안 장애,1,-,4,편하게 있기가 어렵다,2,1,-,며칠동안 방해 받았다,2025-03-31
한글판 범불안 장애,1,-,5,너무 안절부절못해서 가만히 있기가 힘들다,1,0,-,전혀 방해 받지 않았다,2025-03-31
한글판 범불안 장애,1,-,6,쉽게 짜증이 나거나 쉽게 성을 내게 된다,1,0,-,전혀 방해 받지 않았다,2025-03-31
한글판 범불안 장애,1,-,7,마치 끔찍한 일이 생길 것처럼 두렵게 느껴진다,1,0,-,전혀 방해 받지 않았다,2025-03-31
특성 불안 설문,1,현재의 느낌,1,나는 기분이 좋다,1,1,4,거의 그렇지 않다,2025-03-31
특성 불안 설문,1,현재의 느낌,2,나는 쉽게 피로해 진다.,3,3,-,자주 그렇다,2025-03-31
특성 불안 설문,1,현재의 느낌,3,나는 울고 싶은 심정이다.,3,3,-,자주 그렇다,2025-03-31
특성 불안 설문,1,현재의 느낌,4,나는 다른 사람처럼 행복했으면 한다.,2,2,-,가끔 그렇다,2025-03-31
특성 불안 설문,1,현재의 느낌,5,나는 빨리 정하지 못해서 실패를 한다.,2,2,-,가끔 그렇다,2025-03-31
특성 불안 설문,1,현재의 느낌,6,나는 마음이 놓인다.,1,1,4,거의 그렇지 않다,2025-03-31
특성 불안 설문,1,현재의 느낌,7,나는 차분하고 침착하다.,1,1,4,거의 그렇지 않다,2025-03-31
특성 불안 설문,1,현재의 느낌,8,나는 너무 많은 어려운 문제가 밀려 닥쳐서 극복할 수 없을 것 같다.,2,2,-,가끔 그렇다,2025-03-31
특성 불안 설문,1,현재의 느낌,9,나는 하찮은 일에 너무 걱정을 많이 한다.,3,3,-,자주 그렇다,2025-03-31
특성 불안 설문,1,현재의 느낌,10,나는 행복하다.,2,2,3,가끔 그렇다,2025-03-31
특성 불안 설문,1,현재의 느낌,11,나는 무슨 일이건 힘들게 생각한다.,1,1,-,거의 그렇지 않다,2025-03-31
특성 불안 설문,1,현재의 느낌,12,나는 자신감이 부족하다.,2,2,-,가끔 그렇다,2025-03-31
특성 불안 설문,1,현재의 느낌,13,나는 마음이 든든하다.,1,1,4,거의 그렇지 않다,2025-03-31
특성 불안 설문,1,현재의 느낌,14,나는 위기나 어려움을 피하려고 애쓴다.,3,3,-,자주 그렇다,2025-03-31
특성 불안 설문,1,현재의 느낌,15,나는 울적하다.,3,3,-,자주 그렇다,2025-03-31
특성 불안 설문,1,현재의 느낌,16,나는 만족스럽다.,2,2,3,가끔 그렇다,2025-03-31
특성 불안 설문,1,현재의 느낌,17,사소한 생각이 나를 괴롭힌다.,3,3,-,자주 그렇다,2025-03-31
특성 불안 설문,1,현재의 느낌,18,나는 실망을 지나치게 예민하게 받아들이기 때문에 머리 속에서 지워버릴 수가 없다.,2,2,-,가끔 그렇다,2025-03-31
특성 불안 설문,1,현재의 느낌,19,나는 착실한 사람이다.,1,1,4,거의 그렇지 않다,2025-03-31
특성 불안 설문,1,현재의 느낌,20,나는 요즈음 걱정거리나 관심거리를 생각만 하면 긴장되거나 어찌할 바를 모른다.,3,3,-,자주 그렇다,2025-03-31
한국형 기분장애 설문지,1,다음처럼 당신은 평소의 자신과는 달랐던 적이 과거(예전)에 있었습니까?,1,기분이 너무 좋거나 들떠서 다른 사람들이 평소의 당신 모습이 아니다라고 한 적이 있었다. 또는 너무 들떠서 문제가 생긴 적이 있었다.,2,0,-,아니오,2025-03-31
한국형 기분장애 설문지,1,다음처럼 당신은 평소의 자신과는 달랐던 적이 과거(예전)에 있었습니까?,2,"지나치게 흥분하여 사람들에게 소리를 지르거나, 싸우거나 말다툼을 한 적이 있었다.",2,0,-,아니오,2025-03-31
한국형 기분장애 설문지,1,다음처럼 당신은 평소의 자신과는 달랐던 적이 과거(예전)에 있었습니까?,3,평소보다 더욱 자신감에 찬 적이 있었다.,1,1,-,예,2025-03-31
한국형 기분장애 설문지,1,다음처럼 당신은 평소의 자신과는 달랐던 적이 과거(예전)에 있었습니까?,4,"평소보다 더욱 잠을 덜 잤거나, 또는 잠잘 필요를 느끼지 않은 적이 있었다.",2,0,-,아니오,2025-03-31
한국형 기분장애 설문지,1,다음처럼 당신은 평소의 자신과는 달랐던 적이 과거(예전)에 있었습니까?,5,평소보다 말이 더 많았거나 말이 매우 빨라졌던 적이 있었다.,1,1,-,예,2025-03-31
한국형 기분장애 설문지,1,다음처럼 당신은 평소의 자신과는 달랐던 적이 과거(예전)에 있었습니까?,6,생각이 머리 속에서 빠르게 돌아가는 것처럼 느꼈거나 마음을 차분하게 하지 못한 적이 있다.,2,0,-,아니오,2025-03-31
한국형 기분장애 설문지,1,다음처럼 당신은 평소의 자신과는 달랐던 적이 과거(예전)에 있었습니까?,7,"주위에서 벌어지는 일로 쉽게 방해 받았기 때문에, 하던 일에 집중하기 어려웠거나 할 일을 계속하지 못한 적이 있었다.",2,0,-,아니오,2025-03-31
한국형 기분장애 설문지,1,다음처럼 당신은 평소의 자신과는 달랐던 적이 과거(예전)에 있었습니까?,8,평소보다 더욱 에너지가 넘쳤던 적이 있었다.,1,1,-,예,2025-03-31
한국형 기분장애 설문지,1,다음처럼 당신은 평소의 자신과는 달랐던 적이 과거(예전)에 있었습니까?,9,평소보다 더욱 활동적이었거나 더 많은 일을 하였던 적이 있었다.,1,1,-,예,2025-03-31
한국형 기분장애 설문지,1,다음처럼 당신은 평소의 자신과는 달랐던 적이 과거(예전)에 있었습니까?,10,"평소보다 더욱 사교적이거나 적극적 (외향적)이었던 적이 있었다 (하나의 예를 들면, 한밤중에 친구들에게 전화를 했다).",1,1,-,예,2025-03-31
한국형 기분장애 설문지,1,다음처럼 당신은 평소의 자신과는 달랐던 적이 과거(예전)에 있었습니까?,11,평소보다 더욱 성행위에 관심이 간 적이 있었다.,2,0,-,아니오,2025-03-31
한국형 기분장애 설문지,1,다음처럼 당신은 평소의 자신과는 달랐던 적이 과거(예전)에 있었습니까?,12,"평소의 당신과는 맞지 않는 행동을 했거나, 남들이 생각하기에 지나치거나 바보 같거나 또는 위험한 행동을 한 적이 있었다.",2,0,-,아니오,2025-03-31
한국형 기분장애 설문지,1,다음처럼 당신은 평소의 자신과는 달랐던 적이 과거(예전)에 있었습니까?,13,돈 쓰는 문제로 자신이나 가족을 곤경에 빠뜨린 적이 있었다.,2,0,-,아니오,2025-03-31
한국형 기분장애 설문지,2,-,1,"만약 위의 질문 중에서 하나 이상 ‘예’라고 했다면, 그 중 몇 가지는 같은 시기에 벌어진 것입니까?",2,,-,아니오,2025-03-31
한국형 기분장애 설문지,3,-,1,"이러한 일들로 인해서 어느 정도의 문제가 발생했습니까? (다음 중 하나만 선택하십시오.)
예를 들어) 일할 수 없었다, 금전적 문제, 법적 문제 또는 가족 내에 분란이 생겼다, 말다툼하거나 싸웠다 등",1,,-,문제 없었다,2025-03-31
알바니 공황-공포 질문지,2,사회공포,1,사람들과 대화하기.,3,2,-,약간,2025-03-31
알바니 공황-공포 질문지,1,광장공포,2,차를 타고 자동 세차기 안으로 들어가는 것,1,0,-,전혀,2025-03-31
알바니 공황-공포 질문지,3,내부감각 두려움,3,몹시 더운 날 격렬한 운동을 하기,2,1,-,,2025-03-31
알바니 공황-공포 질문지,3,내부감각 두려움,4,공기 침대에 입으로 공기를 빨리 불어넣기,5,4,-,중간,2025-03-31
알바니 공황-공포 질문지,2,사회공포,5,다른 사람들 앞에서 식사 하기,1,0,-,전혀,2025-03-31
알바니 공황-공포 질문지,3,내부감각 두려움,6,몹시 더운 날 등산 하기,3,2,-,약간,2025-03-31
알바니 공황-공포 질문지,3,내부감각 두려움,7,치과에서 마취 받기,1,0,-,전혀,2025-03-31
알바니 공황-공포 질문지,2,사회공포,8,사람들과 회의 중 중간에 끼어 들기,4,3,-,,2025-03-31
알바니 공황-공포 질문지,2,사회공포,9,사람들 앞에서 이야기나 연설을 하기,2,1,-,,2025-03-31
알바니 공황-공포 질문지,3,내부감각 두려움,10,혼자서 격렬하게 운동을 하기,2,1,-,,2025-03-31
알바니 공황-공포 질문지,1,광장공포,11,집에서 멀리 떨어진 곳에 혼자 가기,1,0,-,전혀,2025-03-31
알바니 공황-공포 질문지,2,사회공포,12,사람들이 많은 모임에서 자신을 소개하기,2,1,-,,2025-03-31
알바니 공황-공포 질문지,1,광장공포,13,아무도 없는 고립된 곳에서 혼자 걷기,7,6,-,현저한,2025-03-31
알바니 공황-공포 질문지,1,광장공포,14,고속도로에서 운전하기,3,2,-,약간,2025-03-31
알바니 공황-공포 질문지,2,사회공포,15,남의 눈에 튀는 옷을 입는 것,1,0,-,전혀,2025-03-31
알바니 공황-공포 질문지,1,광장공포,16,길을 잃어버릴지도 모르는 상태,4,3,-,,2025-03-31
알바니 공황-공포 질문지,3,내부감각 두려움,17,아주 진한 커피를 마시는 것,1,0,-,전혀,2025-03-31
알바니 공황-공포 질문지,1,광장공포,18,극장의 한복판 좌석에 앉아서 영화를 감상하기,1,0,-,전혀,2025-03-31
알바니 공황-공포 질문지,3,내부감각 두려움,19,계단을 뛰어 올라가기,1,0,-,전혀,2025-03-31
알바니 공황-공포 질문지,1,광장공포,20,지하철을 타기,8,7,-,,2025-03-31
알바니 공황-공포 질문지,2,사회공포,21,전화로 이야기하기,1,0,-,전혀,2025-03-31
알바니 공황-공포 질문지,2,사회공포,22,모르는 사람들과 만나기,2,1,-,,2025-03-31
알바니 공황-공포 질문지,2,사회공포,23,다른 사람들 앞에서 글을 쓰기,1,0,-,전혀,2025-03-31
알바니 공황-공포 질문지,2,사회공포,24,사람들이 꽉 차 있는 방에 들어가기,6,5,-,,2025-03-31
알바니 공황-공포 질문지,1,광장공포,25,집에서 멀리 떨어진 곳에 가서 하룻밤을 묵기,1,0,-,전혀,2025-03-31
알바니 공황-공포 질문지,3,내부감각 두려움,26,술기운이 올라오는 느낌,1,0,-,전혀,2025-03-31
알바니 공황-공포 질문지,1,광장공포,27,낮게 가설된 긴 다리를 건너기,8,7,-,,2025-03-31
광장공포 인지 설문지,1,-,1,토할 것 같다.,4,4,-,상당히 그렇다,2025-03-31
광장공포 인지 설문지,1,-,2,기절할 것 같다.,2,2,-,약간 그렇다,2025-03-31
광장공포 인지 설문지,1,-,3,틀림없이 뇌암에 걸린 것 같다.,1,1,-,전혀 그렇지 않다,2025-03-31
광장공포 인지 설문지,1,-,4,심장마비가 일어날 것 같다.,1,1,-,전혀 그렇지 않다,2025-03-31
광장공포 인지 설문지,1,-,5,질식해서 죽을 것 같다.,2,2,-,약간 그렇다,2025-03-31
광장공포 인지 설문지,1,-,6,바보 같은 짓을 할 것 같다.,2,2,-,약간 그렇다,2025-03-31
광장공포 인지 설문지,1,-,7,눈이 잘 안보이는 것 같다.,1,1,-,전혀 그렇지 않다,2025-03-31
광장공포 인지 설문지,1,-,8,나 자신을 통제할 수 없을 것 같다.,1,1,-,전혀 그렇지 않다,2025-03-31
광장공포 인지 설문지,1,-,9,누군가를 해칠 것 같다.,1,1,-,전혀 그렇지 않다,2025-03-31
광장공포 인지 설문지,1,-,10,뇌졸중이 올 것 같다.,1,1,-,전혀 그렇지 않다,2025-03-31
광장공포 인지 설문지,1,-,11,미칠 것 같다.,4,4,-,상당히 그렇다,2025-03-31
광장공포 인지 설문지,1,-,12,나는 말을 실수하거나 일을 잘 못할까봐 종종 걱정된다.,2,2,-,약간 그렇다,2025-03-31
광장공포 인지 설문지,1,-,13,더듬거리거나 실없는 소리를 할 것 같다.,2,2,-,약간 그렇다,2025-03-31
광장공포 인지 설문지,1,-,14,공포로 인해 몸이 마비될 것 같다.,2,2,-,약간 그렇다,2025-03-31
신체감각 설문지,1,-,1,심장이 두근거리면,5,5,-,매우 두렵다,2025-03-31
신체감각 설문지,1,-,2,가슴이 답답하게 조여들면,5,5,-,매우 두렵다,2025-03-31
신체감각 설문지,1,-,3,팔 다리의 감각이 무뎌지면,5,5,-,매우 두렵다,2025-03-31
신체감각 설문지,1,-,4,손가락 끝이 저리면,3,3,-,웬만큼 두렵다,2025-03-31
신체감각 설문지,1,-,5,손 발 이외의 다른 신체부위의 감각이 무뎌지면,4,4,-,상당히 두렵다,2025-03-31
신체감각 설문지,1,-,6,숨이 차면,5,5,-,매우 두렵다,2025-03-31
신체감각 설문지,1,-,7,현기증이 나면,4,4,-,상당히 두렵다,2025-03-31
신체감각 설문지,1,-,8,시야가 흐려지면,3,3,-,웬만큼 두렵다,2025-03-31
신체감각 설문지,1,-,9,메스꺼우면,4,4,-,상당히 두렵다,2025-03-31
신체감각 설문지,1,-,10,속이 거북하면,4,4,-,상당히 두렵다,2025-03-31
신체감각 설문지,1,-,11,뱃속이 뭉쳐 있는 듯 하면,3,3,-,웬만큼 두렵다,2025-03-31
신체감각 설문지,1,-,12,목에 뭐가 걸리 듯 하면,2,2,-,약간 두렵다,2025-03-31
신체감각 설문지,1,-,13,다리가 비틀거리거나 후들거리면,3,3,-,웬만큼 두렵다,2025-03-31
신체감각 설문지,1,-,14,땀이 나면,4,4,-,상당히 두렵다,2025-03-31
신체감각 설문지,1,-,15,입이 마르면,2,2,-,약간 두렵다,2025-03-31
신체감각 설문지,1,-,16,때와 장소를 가리지 못하고 혼란스러워지면,4,4,-,상당히 두렵다,2025-03-31
신체감각 설문지,1,-,17,"신체의 일부만 내 몸 같은 뿐, 다른 부분은 내 몸같이 느껴지지 않을 때",3,3,-,웬만큼 두렵다,2025-03-31
부정적 평가에 대한 두려움 척도,1,-,1,사람들이 나를 어떻게 생각하는 것이 별 상관없다는 것을 알면서도 이에 대해 걱정이 된다.,5,5,-,매우 그렇다,2025-03-31
부정적 평가에 대한 두려움 척도,1,-,2,사람들이 나에 대해서 별로 좋지 않은 인상을 갖고 있다는 것을 알지라도 나는 이에 대해 관심이 없다.,1,1,-,전혀 그렇지 않다,2025-03-31
부정적 평가에 대한 두려움 척도,1,-,3,사람들이 나의 결점을 알아차릴까봐 자주 두렵다.,3,3,-,웬만큼 그렇다,2025-03-31
부정적 평가에 대한 두려움 척도,1,-,4,내가 다른 사람에게 어떤 인상을 주는가에 대해 거의 염려하지 않는다.,1,1,-,전혀 그렇지 않다,2025-03-31
부정적 평가에 대한 두려움 척도,1,-,5,사람들이 나를 인정해 주지 않을 것 같아 걱정이 된다.,5,5,-,매우 그렇다,2025-03-31
부정적 평가에 대한 두려움 척도,1,-,6,사람들이 나에게 잘못을 찾아 낼 것 같아 걱정이 된다.,3,3,-,웬만큼 그렇다,2025-03-31
부정적 평가에 대한 두려움 척도,1,-,7,나에 대한 다른 사람의 생각에 신경 쓰지 않는다.,1,1,-,전혀 그렇지 않다,2025-03-31
부정적 평가에 대한 두려움 척도,1,-,8,누군가와 얘기할 때 그가 나를 어떻게 생각하는지 염려된다.,4,4,-,상당히 그렇다,2025-03-31
부정적 평가에 대한 두려움 척도,1,-,9,내가 어떤 인상을 주는지에 대해 걱정이 된다.,5,5,-,매우 그렇다,2025-03-31
부정적 평가에 대한 두려움 척도,1,-,10,누가 나를 평가하고 있는 걸 알지라도 그것 때문에 영향을 받지 않는다.,1,1,-,전혀 그렇지 않다,2025-03-31
부정적 평가에 대한 두려움 척도,1,-,11,때때로 나는 다른 사람들이 나를 어떻게 생각하는지에 대해 지나친 관심을 갖고 있다고 생각한다.,5,5,-,매우 그렇다,2025-03-31
부정적 평가에 대한 두려움 척도,1,-,12,나는 말을 실수하거나 일을 잘 못할까봐 종종 걱정된다.,5,5,-,매우 그렇다,2025-03-31
한국판 사회적 회피 및 불편감 척도,1,-,1,"익숙하지 않은 대인관계 상황에서도 편안함을 느낀다. ",1,1,5,전혀 그렇지 않다,2025-03-31
한국판 사회적 회피 및 불편감 척도,1,-,2,"사람들과 적극적으로 어울려야 하는 자리를 피하려고 한다. ",2,2,-,그렇지 않다,2025-03-31
한국판 사회적 회피 및 불편감 척도,1,-,3,"낯선 사람들과 있을 때 쉽게 마음이 편안해진다. ",2,2,4,그렇지 않다,2025-03-31
한국판 사회적 회피 및 불편감 척도,1,-,4,"특별히 사람들을 피하고 싶은 생각은 없다. ",4,4,2,그렇다,2025-03-31
한국판 사회적 회피 및 불편감 척도,1,-,5,"사람들과 어울리는 모임에서 종종 당황함을 느낀다. ",3,3,-,보통이다,2025-03-31
한국판 사회적 회피 및 불편감 척도,1,-,6,사람들과 어울리는 모임에서 대개 차분하고 편안하다.,2,2,4,그렇지 않다,2025-03-31
한국판 사회적 회피 및 불편감 척도,1,-,7,이성에게 말을 걸 때 대체로 마음이 편안하다.,1,1,5,전혀 그렇지 않다,2025-03-31
한국판 사회적 회피 및 불편감 척도,1,-,8,"잘 알지 못하는 사람에게 말을 거는 것을 피하려 한다. ",3,3,-,보통이다,2025-03-31
한국판 사회적 회피 및 불편감 척도,1,-,9,새로운 사람과 만날 기회가 생기면 자주 응한다.,3,3,3,보통이다,2025-03-31
한국판 사회적 회피 및 불편감 척도,1,-,10,"우연하게 남녀가 같이 모이는 자리에서 종종 예민하고 긴장된다. ",2,2,-,그렇지 않다,2025-03-31
한국판 사회적 회피 및 불편감 척도,1,-,11,"사람을 잘 알게 되기 전까지는 같이 있는 것이 긴장된다. ",1,1,-,전혀 그렇지 않다,2025-03-31
한국판 사회적 회피 및 불편감 척도,1,-,12,"많은 사람들과 어울릴 때 보통 편안함을 느낀다. ",1,1,5,전혀 그렇지 않다,2025-03-31
한국판 사회적 회피 및 불편감 척도,1,-,13,"사람들과 떨어져 있고 싶을 때가 자주 있다. ",5,5,-,매우 그렇다,2025-03-31
한국판 사회적 회피 및 불편감 척도,1,-,14,"모르는 사람 속에 있으면 보통 마음이 편치 않다. ",3,3,-,보통이다,2025-03-31
한국판 사회적 회피 및 불편감 척도,1,-,15,사람을 처음 만날 때 대체로 편안함을 느낀다.,2,2,4,그렇지 않다,2025-03-31
한국판 사회적 회피 및 불편감 척도,1,-,16,사람들에게 소개될 때 긴장하고 마음을 졸인다.,2,2,-,그렇지 않다,2025-03-31
한국판 사회적 회피 및 불편감 척도,1,-,17,방에 낯선 사람이 꽉 차 있어도 거리낌 없이 들어갈 수 있다.,1,1,5,전혀 그렇지 않다,2025-03-31
한국판 사회적 회피 및 불편감 척도,1,-,18,여러 사람들이 모여 있는데 다가가서 어울리는 것을 피한다.,3,3,-,보통이다,2025-03-31
한국판 사회적 회피 및 불편감 척도,1,-,19,윗사람이 나와 이야기를 원하면 거리낌없이 응한다.,3,3,3,보통이다,2025-03-31
한국판 사회적 회피 및 불편감 척도,1,-,20,많은 사람들과 어울릴 때 종종 초초해 진다.,3,3,-,보통이다,2025-03-31
한국판 사회적 회피 및 불편감 척도,1,-,21,사람을 피하려는 경향이 있다.,4,4,-,그렇다,2025-03-31
한국판 사회적 회피 및 불편감 척도,1,-,22,파티나 친목회에서 기꺼이 사람들에게 말을 건다.,4,4,2,그렇다,2025-03-31
한국판 사회적 회피 및 불편감 척도,1,-,23,사람들이 많이 모인 집단에서는 좀처럼 마음이 편치 않다.,2,2,-,그렇지 않다,2025-03-31
한국판 사회적 회피 및 불편감 척도,1,-,24,사람들과 어울려야 하는 약속을 피하려고 자주 핑계를 생각해 낸다.,4,4,-,그렇다,2025-03-31
한국판 사회적 회피 및 불편감 척도,1,-,25,때때로 사람들을 소개시켜주는 책임을 맡는다.,3,3,3,보통이다,2025-03-31
한국판 사회적 회피 및 불편감 척도,1,-,26,공식적인 사교적 모임은 피하려고 한다.,2,2,-,그렇지 않다,2025-03-31
한국판 사회적 회피 및 불편감 척도,1,-,27,사람들과 어울려야 하는 약속이면 대체로 다 지킨다.,2,2,4,그렇지 않다,2025-03-31
한국판 사회적 회피 및 불편감 척도,1,-,28,다른 사람들과 쉽게 편하게 있을 수 있다.,3,3,3,보통이다,2025-03-31
한글판 생물학적 리듬 평가 설문지,1,수면,1,평소 자는 시간에 잠드는 것에 어려움이 있습니까? 얼마나 자주 있습니까?,4,4,-,흔히 있음,2025-04-02
한글판 생물학적 리듬 평가 설문지,1,수면,2,평소 기상시간대로 깨는데 문제가 있습니까? 얼마나 자주 있습니까?,3,3,-,때때로 있음,2025-04-02
한글판 생물학적 리듬 평가 설문지,1,수면,3,잠에서 깬 후에 잠자리에서 일어나 나오는데 어려움이 있습니까? 얼마나 자주 있습니까?,4,4,-,흔히 있음,2025-04-02
한글판 생물학적 리듬 평가 설문지,1,수면,4,"당신의 평소 수면량으로 휴식을 취했다는 느낌(스스로 느끼는 안정감 및 운전, 업무과 같은 일상의 수행에서)을 받기 어렵습니까? 얼마나 자주 그렇습니까?",4,4,-,흔히 있음,2025-04-02
한글판 생물학적 리듬 평가 설문지,1,수면,5,당신은 휴식시간에 신경을 끄는 것에 어려움을 느끼셨나요? 얼마나 자주 그렇습니까?,3,3,-,때때로 있음,2025-04-02
한글판 생물학적 리듬 평가 설문지,2,활동,1,당신은 업무 시에 일을 처리하는데 어려움을 느끼시나요? 얼마나 자주 그렇습니까?,3,3,-,때때로 있음,2025-04-02
한글판 생물학적 리듬 평가 설문지,2,활동,2,당신은 집안일을 처리하는데 어려움을 겪으시나요? 얼마나 자주 그렇습니까?,4,4,-,흔히 있음,2025-04-02
한글판 생물학적 리듬 평가 설문지,2,활동,3,"당신은 규칙적인 일상생활(예, 출근 버스, 지하철을 타거나 규칙적 운동)을 지키는데 어려움을 느끼시나요? 얼마나 자주 그렇습니까?",4,4,-,흔히 있음,2025-04-02
한글판 생물학적 리듬 평가 설문지,2,활동,4,당신은 정해진 시간의 일상 활동을 수행하는데 있어서 어려움을 느끼시나요? 얼마나 자주 그렇습니까?,4,4,-,흔히 있음,2025-04-02
한글판 생물학적 리듬 평가 설문지,2,활동,5,당신은 평소의 성욕이나 성적활동을 유지하는데 어려움을 느끼시나요? 얼마나 자주 그렇습니까?,3,3,-,때때로 있음,2025-04-02
한글판 생물학적 리듬 평가 설문지,3,사회적 활동,1,당신은 중요한 다른 사람과의 대인관계나 소통에 있어서 어려움을 느끼시나요? 얼마나 자주 그렇습니까?,2,2,-,드물게 있음,2025-04-02
한글판 생물학적 리듬 평가 설문지,3,사회적 활동,2,"당신은 전자기기(TV, 인터넷 등)의 이용에 있어서 대인관계에 지장을 줄 정도로 과도하게 사용하시나요? 얼마나 자주 그렇습니까?",4,4,-,흔히 있음,2025-04-02
한글판 생물학적 리듬 평가 설문지,3,사회적 활동,3,"당신의 일상과 수면패턴을 중요한 이들(가족, 친구, 배우자)과 맞추는데 어려움이 있으신가요? 얼마나 자주 그렇습니까?",4,4,-,흔히 있음,2025-04-02
한글판 생물학적 리듬 평가 설문지,3,사회적 활동,4,"당신은 중요한 이들(가족, 친구, 배우자)에서 관심을 주는 것이 어려움이 있으신가요? 얼마나 자주 그렇습니까?",2,2,-,드물게 있음,2025-04-02
한글판 생물학적 리듬 평가 설문지,4,식사 패턴,1,당신은 규칙적인 식사시간을 시키는데 어려움이 있으신가요? 얼마나 자주 그렇습니까?,4,4,-,흔히 있음,2025-04-02
한글판 생물학적 리듬 평가 설문지,4,식사 패턴,2,식사를 거르시나요? 얼마나 자주 그렇습니까?,4,4,-,흔히 있음,2025-04-02
한글판 생물학적 리듬 평가 설문지,4,식사 패턴,3,당신은 식사량을 일정하게 유지하는 것에 어려움이 있으신가요? 얼마나 자주 그렇습니까?,4,4,-,흔히 있음,2025-04-02
한글판 생물학적 리듬 평가 설문지,4,식사 패턴,4,"각성제(커피, 콜라, 초코렛 등)의 과도하지 않게 사용하는 것에 어려움이 있으신가요? 얼마나 자주 그렇습니까?",2,2,-,드물게 있음,2025-04-02
한글판 생물학적 리듬 평가 설문지,5,시간형,1,밤시간이 업무나 대인관계에 있어서 더 활발하다.,3,3,-,보통 그렇다,2025-04-02
한글판 생물학적 리듬 평가 설문지,5,시간형,2,아침에 좀더 생산적이 되는 느낌이다.,1,1,-,전혀 아니다,2025-04-02
한글판 생물학적 리듬 평가 설문지,5,시간형,3,낮 밤이 뒤바뀌어 살았나요?,3,3,-,보통 그렇다,2025-04-02
한국어판 아침형-저녁형 설문지,1,-,1,"하루 스케쥴을 자유롭게 짠다고 할 때, 컨디션을 고려하여 몇 시에 일어나는 것이 좋습니까?",5,1,-,오전 11 : 00 ~ 12 : 00,2025-04-02
한국어판 아침형-저녁형 설문지,1,-,2,저녁시간에 할 일을 마음대로 계획해도 된다면 컨디션을 고려할 때 몇 시에 주무시겠습니까?,5,1,-,새벽 1 : 45 ~ 3 : 00,2025-04-02
한국어판 아침형-저녁형 설문지,1,-,3,"이상적인 환경조건에서 잤을 때, 아침에 어느 정도 쉽게 일어납니까?",1,1,-,전혀 쉽지 않다,2025-04-02
한국어판 아침형-저녁형 설문지,1,-,4,아침에 깨어난 후 첫 30분 동안에 귀하의 정신은 어느 정도 맑다고 생각하십니까?,1,1,-,매우 맑지 않다,2025-04-02
한국어판 아침형-저녁형 설문지,1,-,5,아침에 깨어난 후 첫 30분 동안 피곤함을 어느 정도 느끼십니까?,1,1,-,매우 피곤하다,2025-04-02
한국어판 아침형-저녁형 설문지,1,-,6,"친구가 아침 운동을 일주일에 2번, 1시간씩 하기를 권유하면서 아침 7∼8시 사이에 운동하자고 합니다. 학교, 직장 등의 제약이 없다고 가정할 때 아침 운동을 어느 정도 잘할 수 있겠습니까?",4,1,-,매우 힘들 것이다,2025-04-02
한국어판 아침형-저녁형 설문지,1,-,7,"저녁에 몇 시가 되면 피곤함을 느끼면서, 이제 잘 시간이라고 생각하십니까?",4,2,-,새벽 12 : 30 ~ 1 : 45,2025-04-02
한국어판 아침형-저녁형 설문지,1,-,8,"당신은 시험에서 최고의 점수를 받고 싶습니다. 시험은 2시간이 소요된다고 할 때, 최상의 컨디션을 유지하기 위하여 시험시간을 마음대로 선택할 수 있다면, 다음 중 언제를 선택하시겠습니까?",3,2,-,오후 3 : 00 ~ 5 : 00,2025-04-02
한국어판 아침형-저녁형 설문지,1,-,9,사람에게는 아침형과 저녁형이 있다고 합니다. 당신은 어디에 해당 된다고 생각하십니까?,4,1,-,틀림없는 저녁형,2025-04-02
한국어판 아침형-저녁형 설문지,1,-,10,"하루 8시간을 근무한다는 가정 하에서, 근무시간을 마음대로 조정해도 된다면, 언제 일어나고 싶으십니까?",4,1,-,오전 8 : 30 이후,2025-04-02
한국어판 아침형-저녁형 설문지,1,-,11,"만약 항상 오전 6시에 일어나야 한다면, 당신은 이를 어떻게 생각하십니까?",1,1,-,매우 어려운 일이며 싫어할 것이다,2025-04-02
한국어판 아침형-저녁형 설문지,1,-,12,밤잠을 자고 아침에 일어난 후 “정신을 차리기까지 ”는 보통 얼마나 걸립니까?,4,1,-,41분 이상,2025-04-02
한국어판 아침형-저녁형 설문지,1,-,13,당신은 아침이나 저녁 중 언제 활동적입니까?,3,2,-,대체로 저녁에 활동적이다,2025-04-02
유년기 외상 척도,5,신체방임,1,나는 배불리 먹지 못했다.,1,1,-,전혀 아니다,2025-04-03
유년기 외상 척도,5,신체방임,2,나는 돌봐 주고 보호해 주는 사람이 있었다.,5,5,1,항상 그랬다,2025-04-03
유년기 외상 척도,4,정서학대,3,"우리 가족은 나를 멍청이, 게으름뱅이, 바보, 병신이라고 놀렸다.",1,1,-,전혀 아니다,2025-04-03
유년기 외상 척도,5,신체방임,4,우리 부모님은 술에 취해 있어 나를 돌봐 줄 수 없었다.,1,1,-,전혀 아니다,2025-04-03
유년기 외상 척도,1,정서방임,5,우리 식구 중에 내가 소중하고 특별한 존재임을 느끼게 해 주는 사람이 있었다.,4,4,2,조금 그랬다,2025-04-03
유년기 외상 척도,5,신체방임,6,나는 옷차림이 지저분했었다.,1,1,-,전혀 아니다,2025-04-03
유년기 외상 척도,1,정서방임,7,나는 사랑 받고 있다고 느꼈다.,5,5,1,항상 그랬다,2025-04-03
유년기 외상 척도,4,정서학대,8,우리 부모님은 내가 태어나지 않았으면 좋았을 것이라 말했다.,1,1,-,전혀 아니다,2025-04-03
유년기 외상 척도,2,신체학대,9,가족 중 누군가에게 심하게 맞아 약국이나 병원에 간 적이 있다.,1,1,-,전혀 아니다,2025-04-03
유년기 외상 척도,1,정서방임,10,우리 가족은 매우 만족스러워 변해야 할 것이 아무것도 없었다.,3,3,3,보통,2025-04-03
유년기 외상 척도,2,신체학대,11,가족 중 한 사람이 나를 심하게 때려 상처가 나거나 멍든 적이 있다.,1,1,-,전혀 아니다,2025-04-03
유년기 외상 척도,2,신체학대,12,"회초리, 벨트, 나무 막대 등 단단한 물건으로 맞았었다.",2,2,-,거의 아니다,2025-04-03
유년기 외상 척도,1,정서방임,13,우리 가족은 서로 잘 보살펴 주었다.,3,3,3,보통,2025-04-03
유년기 외상 척도,4,정서학대,14,나에게 모욕적인 말이나 가슴 아픈 말을 한 가족이 있었다.,1,1,-,전혀 아니다,2025-04-03
유년기 외상 척도,2,신체학대,15,나는 신체적으로 학대당한 적이 있다.,1,1,-,전혀 아니다,2025-04-03
유년기 외상 척도,1,정서방임,16,나의 어린 시절은 남부러울 것이 없었다.,3,3,3,보통,2025-04-03
유년기 외상 척도,2,신체학대,17,"선생님, 이웃 사람, 친척이 알아챌 정도로 심하게 맞은 적이 있다.",1,1,-,전혀 아니다,2025-04-03
유년기 외상 척도,4,정서학대,18,우리 가족 중에 나를 미워한 사람이 있다.,1,1,-,전혀 아니다,2025-04-03
유년기 외상 척도,1,정서방임,19,우리 가족은 모두 친하게 지냈다.,5,5,1,항상 그랬다,2025-04-03
유년기 외상 척도,3,성학대,20,"누군가 나의 성기를 만지거나, 나에게 그들의 성기를 만지게 한 적이 있다.",1,1,-,전혀 아니다,2025-04-03
유년기 외상 척도,3,성학대,21,누군가 시키는 대로 성적인 행동을 하지 않으면 나를 해치겠다고 협박했다.,1,1,-,전혀 아니다,2025-04-03
유년기 외상 척도,1,정서방임,22,세상에서 우리 가족이 최고였다.,4,4,2,조금 그랬다,2025-04-03
유년기 외상 척도,3,성학대,23,"누군가 나에게 성적인 행동을 하게 하거나 성적인 잡지, 비디오를 보게 하였다.",1,1,-,전혀 아니다,2025-04-03
유년기 외상 척도,3,성학대,24,누군가(이성이) 성적으로 치근덕거렸다.,2,2,-,거의 아니다,2025-04-03
유년기 외상 척도,4,정서학대,25,나는 정서적으로 학대당했다.,1,1,-,전혀 아니다,2025-04-03
유년기 외상 척도,5,신체방임,26,내가 아플 때 우리 가족은 나를 의사에게 데려갔었다.,5,5,1,항상 그랬다,2025-04-03
유년기 외상 척도,3,성학대,27,나는 성적으로 학대당했다.,1,1,-,전혀 아니다,2025-04-03
유년기 외상 척도,1,정서방임,28,우리 가족은 나에게 힘을 주었고 나를 지지해 주었다.,5,5,1,항상 그랬다,2025-04-03
한국형 회복탄력성 지수,1,-,1,나는 어려운 일이 닥쳤을 때 감정을 통제할 수 있다.,3,3,-,보통이다,2025-04-03
한국형 회복탄력성 지수,1,-,2,"내가 무슨 생각을 하면, 그 생각이 내 기분에 어떤 영향을 미칠지 잘 알아챈다.",3,3,-,보통이다,2025-04-03
한국형 회복탄력성 지수,1,-,3,논쟁거리가 되는 문제를 가족이나 친구들과 토론할 때 내 감정을 잘 통제할 수 있다.,5,5,-,매우 그렇다,2025-04-03
한국형 회복탄력성 지수,1,-,4,집중해야 할 중요한 일이 생기면 신바람이 나기보다는 더 스트레스를 받는 편이다.,5,5,1,매우 그렇다,2025-04-03
한국형 회복탄력성 지수,1,-,5,나는 내 감정에 잘 휘말린다.,1,1,5,전혀 그렇지 않다,2025-04-03
한국형 회복탄력성 지수,1,-,6,때때로 내 감정적인 문제 때문에 학교나 직장에서 공부하거나 일 할 때 집중하기 힘들다.,3,3,3,보통이다,2025-04-03
한국형 회복탄력성 지수,1,-,7,당장 해야 할 일이 있으면 나는 어떠한 유혹이나 방해도 잘 이겨내고 할 일을 한다.,2,2,-,그렇지 않다,2025-04-03
한국형 회복탄력성 지수,1,-,8,"아무리 당황스럽고 어려운 상황이 닥쳐도, 나는 내가 어떤 생각을 하고 있는지 스스로 잘 안다.",4,4,-,그렇다,2025-04-03
한국형 회복탄력성 지수,1,-,9,누군가가 나에게 화를 낼 경우 나는 우선 그 사람의 의견을 잘 듣는다.,4,4,-,그렇다,2025-04-03
한국형 회복탄력성 지수,1,-,10,일이 생각대로 잘 안 풀리면 쉽게 포기하는 편이다.,3,3,3,보통이다,2025-04-03
한국형 회복탄력성 지수,1,-,11,평소 경제적인 소비나 지출 규모에 대해 별 다른 계획 없이 지낸다.,4,4,2,그렇다,2025-04-03
한국형 회복탄력성 지수,1,-,12,미리 계획을 세우기보다는 즉흥적으로 일을 처리하는 편이다.,5,5,1,매우 그렇다,2025-04-03
한국형 회복탄력성 지수,1,-,13,문제가 생기면 여러 가지 가능한 해결 방안에 대해 먼저 생각한 후에 해결하려고 노력한다.,4,4,-,그렇다,2025-04-03
한국형 회복탄력성 지수,1,-,14,어려운 일이 생기면 그 원인이 무엇인지 신중하게 생각한 후에 그 문제를 해결하려고 노력한다.,3,3,-,보통이다,2025-04-03
한국형 회복탄력성 지수,1,-,15,나는 대부분의 상황에서 문제의 원인을 잘 알고 있다고 믿는다.,3,3,-,보통이다,2025-04-03
한국형 회복탄력성 지수,1,-,16,나는 사건이나 상황을 잘 파악하지 못한다는 이야기를 종종 듣는다.,1,1,5,전혀 그렇지 않다,2025-04-03
한국형 회복탄력성 지수,1,-,17,문제가 생기면 나는 성급하게 결론을 내린다는 이야기를 종종 듣는다.,1,1,5,전혀 그렇지 않다,2025-04-03
한국형 회복탄력성 지수,1,-,18,어려운 일이 생기면 그 원인을 완전히 이해하지 못했다 하더라도 일단 빨리 해결하는 것이 좋다고 생각한다.,3,3,3,보통이다,2025-04-03
한국형 회복탄력성 지수,1,-,19,나는 분위기나 대화 상대에 따라 대화를 잘 이끌어 갈 수 있다.,5,5,-,매우 그렇다,2025-04-03
한국형 회복탄력성 지수,1,-,20,나는 재치 있는 농담을 잘한다.,5,5,-,매우 그렇다,2025-04-03
한국형 회복탄력성 지수,1,-,21,나는 내가 표현하고자 하는 바에 대한 적절한 문구나 단어를 잘 찾아낸다.,5,5,-,매우 그렇다,2025-04-03
한국형 회복탄력성 지수,1,-,22,나는 윗사람과 대화하는 것이 부담스럽다,3,3,3,보통이다,2025-04-03
한국형 회복탄력성 지수,1,-,23,나는 대화중에 다른 생각을 하느라 대화 내용을 놓칠 때가 종종 있다.,2,2,4,그렇지 않다,2025-04-03
한국형 회복탄력성 지수,1,-,24,대화를 할 때 하고 싶은 말을 다 하지 못하고 주저할 때가 종종 있다.,4,4,2,그렇다,2025-04-03
한국형 회복탄력성 지수,1,-,25,사람들의 얼굴 표정을 보면 어떤 감정인지 알 수 있다.,5,5,-,매우 그렇다,2025-04-03
한국형 회복탄력성 지수,1,-,26,슬퍼하거나 화를 내거나 당황하는 사람을 보면 그들이 어떤 생각을 하는지 잘 알 수 있다.,4,4,-,그렇다,2025-04-03
한국형 회복탄력성 지수,1,-,27,동료가 화를 낼 경우 나는 그 이유를 꽤 잘 아는 편이다.,4,4,-,그렇다,2025-04-03
한국형 회복탄력성 지수,1,-,28,나는 사람들의 행동방식을 때로 이해하기 힘들다.,3,3,3,보통이다,2025-04-03
한국형 회복탄력성 지수,1,-,29,"친한 친구나 애인 혹은 배우자로부터 ""당신은 나를 이해 못해""라는 말을 종종 듣는다.",1,1,5,전혀 그렇지 않다,2025-04-03
한국형 회복탄력성 지수,1,-,30,동료와 친구들은 내가 자기 말을 잘 듣지 않는다고 한다.,1,1,5,전혀 그렇지 않다,2025-04-03
한국형 회복탄력성 지수,1,-,31,나는 내 주변 사람들로부터 사랑과 관심을 받고 있다.,3,3,-,보통이다,2025-04-03
한국형 회복탄력성 지수,1,-,32,나는 내 친구들을 정말로 좋아한다.,4,4,-,그렇다,2025-04-03
한국형 회복탄력성 지수,1,-,33,내 주변 사람들은 내 기분을 잘 이해한다.,1,1,-,전혀 그렇지 않다,2025-04-03
한국형 회복탄력성 지수,1,-,34,서로 도움을 주고받는 친구가 별로 없는 편이다,1,1,5,전혀 그렇지 않다,2025-04-03
한국형 회복탄력성 지수,1,-,35,나와 정기적으로 만나는 사람들은 대부분 나를 싫어하게 된다.,1,1,5,전혀 그렇지 않다,2025-04-03
한국형 회복탄력성 지수,1,-,36,서로 마음을 터놓고 얘기할 수 있는 친구가 거의 없다.,1,1,5,전혀 그렇지 않다,2025-04-03
한국형 회복탄력성 지수,1,-,37,열심히 일하면 언제나 보답이 있으리라고 생각한다,2,2,-,그렇지 않다,2025-04-03
한국형 회복탄력성 지수,1,-,38,"맞든 아니든 ""아무리 어려운 문제라도 나는 해결할 수 있다""고 일단 믿는 것이 좋다고 생각한다.",2,2,-,그렇지 않다,2025-04-03
한국형 회복탄력성 지수,1,-,39,어려운 상황이 닥쳐도 나는 모든 일이 다 잘 해결될 거라고 확신한다.,1,1,-,전혀 그렇지 않다,2025-04-03
한국형 회복탄력성 지수,1,-,40,"내가 어떤 일을 마치고 나면, 주변 사람들이 부정적인 평가를 할까봐 걱정한다.",4,4,2,그렇다,2025-04-03
한국형 회복탄력성 지수,1,-,41,나에게 일어나는 대부분의 문제들은 나로서는 어쩔 수 없는 상황에 의해 발생한다고 믿는다.,3,3,3,보통이다,2025-04-03
한국형 회복탄력성 지수,1,-,42,"누가 나의 미래에 대해 물어보면, 성공한 나의 모습을 상상하기 힘들다.",3,3,3,보통이다,2025-04-03
한국형 회복탄력성 지수,1,-,43,내 삶은 내가 생각하는 이상적인 삶에 가깝다.,2,2,-,그렇지 않다,2025-04-03
한국형 회복탄력성 지수,1,-,44,내 인생의 여러 가지 조건들은 만족스럽다.,2,2,-,그렇지 않다,2025-04-03
한국형 회복탄력성 지수,1,-,45,나는 내 삶에 만족한다.,1,1,-,전혀 그렇지 않다,2025-04-03
한국형 회복탄력성 지수,1,-,46,나는 내 삶에서 중요한다고 생각한 것들은 다 갖고 있다.,1,1,-,전혀 그렇지 않다,2025-04-03
한국형 회복탄력성 지수,1,-,47,나는 다시 태어나도 나의 현재 삶을 다시 살고 싶다.,1,1,-,전혀 그렇지 않다,2025-04-03
한국형 회복탄력성 지수,1,-,48,나는 다양한 종류의 많은 사람들에게 고마움을 느낀다.,3,3,-,보통이다,2025-04-03
한국형 회복탄력성 지수,1,-,49,"내가 고맙게 여기는 것들을 모두 적는다면, 아주 긴 목록이 될 것이다.",1,1,-,전혀 그렇지 않다,2025-04-03
한국형 회복탄력성 지수,1,-,50,"나이가 들어갈수록 내 삶의 일부가 된 사람, 사건, 생활에 대해 감사하는 마음이 더 커져간다.",5,5,-,매우 그렇다,2025-04-03
한국형 회복탄력성 지수,1,-,51,나는 감사해야 할 것이 별로 없다.,2,2,4,그렇지 않다,2025-04-03
한국형 회복탄력성 지수,1,-,52,"세상을 둘러볼 때, 내가 고마워 할 것은 별로 없다.",5,5,1,매우 그렇다,2025-04-03
한국형 회복탄력성 지수,1,-,53,사람이나 일에 대한 고마움을 한참 시간이 지난 후에야 겨우 느낀다.,1,1,5,전혀 그렇지 않다,2025-04-03
