﻿대분류,경험여부,질병,병명/물질/유형,발병시기,치료경과,경험한 신체적 질병이나 의학적 문제
정신과적 질병 경험,Y,우울장애,-,-,-,-
정신과적 질병 경험,Y,공황장애,-,-,-,-
육체적 질병 경험,Y,디스크,-,2024-09,치료중,-
육체적 질병 경험,Y,알레르기성 비염,-,1984-03,치료 안받음,-
정신과적 진단,Y,우울장애,-,2020-06,-,"우울기분,흥미저하,에너지 저하,불면,집중력 저하,기억력 저하,불안,공황,자책"
정신과적 진단,Y,공황장애,-,2014-06,-,"에너지 저하,불면,집중력 저하,기억력 저하,불안,공황"
