생년월일,2003-11-22
연령(만),21
성별,남
결혼,미혼
자녀 수,0
최종 학력,기타
최종 학력(기타),대학교 중퇴
현재 직업 유무,Y
있음 선택시 직종,기타
직종(기타),IT
체중,110.0
신장(cm),177.0
연 평균 가구 소득,3천만원 ~ 4천만원 미만
종교,없음
과거 흡연 여부,Y
지난 12주간 흡연 여부,Y
하루평균 흡연량,5개비 미만
지금까지 음주 여부,Y
음주로 일생생활에 문제,N
음주 주종,맥주
음주 주종에 따른 1회 음주량,500
주간 음주 횟수,1
음주 기간,2년 미만
지난 12주간 음주 여부,Y
음주 주종,맥주
음주 주종에 따른 1회 음주량,500
주간 음주 횟수,1
음주 기간,1년 미만
현재 혹은 과거에 음주로 일생생활에 문제,N
폐경 여부,해당없음
과거 자살 시도 여부,N
첫 자살기도 시 연령,-
과거 자살기도 횟수,-
지난 1달간 죽고 싶은 생각,N
지난 1달간 자살시도 여부,N
과거 자해 시도 여부,Y
첫 자해기도 시 연령,17
과거 자해기도 횟수,2
지난 1달간 자해하고 싶은 생각,N
지난 1달간 자해시도 여부,N
