﻿종류,세부종류,시간대,양,약물명,작성일
카페인,"차 종류(홍차, 녹차 등)",오전,5,-,2025-03-05
식사,중식(점심),-,-,-,2025-03-05
공황 증상 조절 비상약,복용함,-,1,-,2025-03-05
카페인,"기타 가공제품(커피우유, 코코아 등)",오전,2,-,2025-03-10
식사,석식(저녁),-,-,-,2025-03-10
식사,간식(오전),-,-,-,2025-03-10
생리,생리중 아님,-,-,-,2025-03-10
공황 증상 조절 비상약,복용함,-,2,-,2025-03-10
카페인,에너지 음료,오전,1,-,2025-03-19
카페인,에너지 음료,오전,1,-,2025-03-19
식사,간식(오전),-,-,-,2025-03-19
공황 증상 조절 비상약,복용함,-,3,-,2025-03-19
