﻿대분류,경험여부,질병,병명/물질/유형,발병시기,치료경과,경험한 신체적 질병이나 의학적 문제
정신과적 질병 경험,Y,신경성 폭식증,-,-,-,-
정신과적 질병 경험,Y,우울장애,-,-,-,-
정신과적 질병 경험,Y,인격장애,해리성,-,-,-
정신과적 질병 경험,Y,공황장애,-,-,-,-
정신과적 질병 경험,Y,외상 후 스트레스 장애,-,-,-,-
정신과적 질병 경험,Y,양극성장애(조울증),-,-,-,-
육체적 질병 경험,Y,기타,췌장염 통증,2008-02,치료중,-
정신과적 진단,Y,우울장애,-,2005-09,-,"우울기분,욕구증가(소비증가),감정기복,에너지 저하,불면,과수면,집중력 저하,기억력 저하,산만함,불안,공황,공격성,자책,환각(환청, 환시 등),망상,의심,자살시도"
정신과적 진단,Y,인격장애,해리성장애,2020-02,-,"기분고양,감정기복,에너지 저하,에너지 증가,산만함,공격성,망상,자살시도,자살 사고"
정신과적 진단,Y,공황장애,-,2019-03,-,"우울기분,에너지 저하,불면,집중력 저하,기억력 저하,생각의 양과 속도 증가,불안,공황"
정신과적 진단,Y,외상 후 스트레스 장애,-,2019-03,-,"우울기분,흥미저하,감정기복,불면,집중력 저하,기억력 저하,짜증,불안,공황"
정신과적 진단,Y,양극성장애(조울증),-,2022-02,-,"우울기분,감정기복,불면,과수면,집중력 저하,기억력 저하,불안,공황,공격성,자책,망상"
