﻿대분류,경험여부,질병,병명/물질/유형,발병시기,치료경과,경험한 신체적 질병이나 의학적 문제
정신과적 질병 경험,Y,우울장애,-,-,-,-
정신과적 질병 경험,Y,공황장애,-,-,-,-
정신과적 질병 경험,Y,과식장애,-,-,-,-
정신과적 진단,Y,우울장애,-,2013-03,-,"우울기분,욕구증가(소비증가),흥미저하,감정기복,에너지 저하,불면,과수면,집중력 저하,기억력 저하,불안,공황,자책,망상,의심,자살시도"
정신과적 진단,Y,공황장애,-,2013-03,-,"우울기분,욕구증가(소비증가),흥미저하,감정기복,에너지 저하,불면,과수면,집중력 저하,기억력 저하,불안,공황,자책,망상,의심,자살시도"
정신과적 진단,Y,과식장애,-,2005-03,-,"우울기분,욕구증가(소비증가),짜증,불안"
