생년월일,1992-06-06
연령(만),32
성별,여
결혼,미혼
자녀 수,0
최종 학력,기타
최종 학력(기타),국민대평생교육원
현재 직업 유무,Y
있음 선택시 직종,기타
직종(기타),어린이집교사
체중,74.0
신장(cm),173.0
연 평균 가구 소득,2천만원 ~ 3천만원 미만
종교,없음
과거 흡연 여부,Y
지난 12주간 흡연 여부,Y
하루평균 흡연량,10개비 이하
지금까지 음주 여부,Y
음주로 일생생활에 문제,N
음주 주종,소주
음주 주종에 따른 1회 음주량,640
주간 음주 횟수,6
음주 기간,15년 미만
지난 12주간 음주 여부,Y
음주 주종,소주
음주 주종에 따른 1회 음주량,500
주간 음주 횟수,6
음주 기간,15년 미만
현재 혹은 과거에 음주로 일생생활에 문제,N
폐경 여부,해당없음
과거 자살 시도 여부,N
첫 자살기도 시 연령,-
과거 자살기도 횟수,-
지난 1달간 죽고 싶은 생각,N
지난 1달간 자살시도 여부,N
과거 자해 시도 여부,N
첫 자해기도 시 연령,-
과거 자해기도 횟수,-
지난 1달간 자해하고 싶은 생각,N
지난 1달간 자해시도 여부,N
