﻿시작 시간,지속 시간(분),강도,증상,작성일
23:00,10,2,"심박수 증가, 진땀, 답답함, 비현실감(이인감)",2024-12-03
16:20,30,2,"답답함, 기타",2024-12-04
03:00,60,4,"심박수 증가, 답답함, 비현실감(이인감), 기타",2024-12-11
05:00,60,4,"답답함, 비현실감(이인감), 통제상실(미칠 것 같은 두려움), 죽을 것 같은 두려움, 기타",2024-12-11
19:01,120,4,"답답함, 통제상실(미칠 것 같은 두려움), 죽을 것 같은 두려움, 기타",2024-12-22
23:05,61,5,"답답함, 통제상실(미칠 것 같은 두려움), 죽을 것 같은 두려움, 기타",2024-12-22
06:00,720,5,"답답함, 구역감(복통), 어지럼증, 통제상실(미칠 것 같은 두려움), 죽을 것 같은 두려움, 기타",2024-12-24
11:00,240,3,"비현실감(이인감), 통제상실(미칠 것 같은 두려움), 기타",2024-12-26
