﻿대분류,경험여부,질병,병명/물질/유형,발병시기,치료경과,경험한 신체적 질병이나 의학적 문제
정신과적 질병 경험,Y,우울장애,-,-,-,-
정신과적 질병 경험,Y,공황장애,-,-,-,-
정신과적 질병 경험,Y,외상 후 스트레스 장애,-,-,-,-
정신과적 진단,Y,우울장애,-,2024-08,-,"우울기분,흥미저하,감정기복,에너지 저하,불면,집중력 저하,생각의 양과 속도 증가,짜증,공황,자살시도"
정신과적 진단,Y,공황장애,-,2024-08,-,"우울기분,감정기복,에너지 저하,에너지 증가,불면,집중력 저하,생각의 양과 속도 증가,짜증,공황,자살시도"
정신과적 진단,Y,외상 후 스트레스 장애,-,2024-08,-,공황
