﻿시작 시간,지속 시간(분),강도,증상,작성일
05:45,15,2,"답답함, 구역감(복통), 비현실감(이인감)",2025-02-12
01:00,30,3,"답답함, 구역감(복통), 어지럼증, 오한(열감), 비현실감(이인감), 통제상실(미칠 것 같은 두려움)",2025-02-16
11:00,10,2,"심박수 증가, 떨림, 답답함, 진땀, 어지럼증",2025-02-17
08:00,20,5,"호흡곤란, 감각 이상(마비), 비현실감(이인감), 질식감, 죽을 것 같은 두려움, 심박수 증가, 답답함",2025-02-18
10:00,15,2,"떨림, 진땀, 답답함, 오한(열감), 기타",2025-02-28
