﻿대분류,경험여부,질병,병명/물질/유형,발병시기,치료경과,경험한 신체적 질병이나 의학적 문제
정신과적 질병 경험,Y,신경성 폭식증,-,-,-,-
정신과적 질병 경험,Y,우울장애,-,-,-,-
정신과적 질병 경험,Y,사회공포증,-,-,-,-
정신과적 질병 경험,Y,특정공포증,-,-,-,-
정신과적 질병 경험,Y,신경성 식욕부진증,-,-,-,-
정신과적 질병 경험,Y,알코올 의존 혹은 기타 물질 관련 장애,술,-,-,-
정신과적 질병 경험,Y,외상 후 스트레스 장애,-,-,-,-
정신과적 질병 경험,Y,양극성장애(조울증),-,-,-,-
정신과적 질병 경험,Y,공황장애,-,-,-,-
정신과적 질병 경험,Y,범불안장애,-,-,-,-
