﻿대분류,경험여부,질병,병명/물질/유형,발병시기,치료경과,경험한 신체적 질병이나 의학적 문제
육체적 질병 경험,Y,위암/간암/대장암(결장암 또는 직장암)/유방암/자궁경부암/난소암/폐암/췌장암/임파선암/백혈병,수술 후 회복중,2024-03,치료중,-
정신과적 질병 경험,Y,우울장애,-,-,-,-
정신과적 질병 경험,Y,공황장애,-,-,-,-
정신과적 질병 경험,Y,강박장애,-,-,-,-
정신과적 진단,Y,우울장애,-,2013-01,-,"우울기분,욕구증가(소비증가),감정기복,에너지 저하,불면,기억력 저하,불안,공황,자책,환각(환청, 환시 등)"
정신과적 진단,Y,공황장애,-,2015-03,-,"에너지 저하,불면,집중력 저하,생각의 양과 속도 증가,불안,공황,의심"
정신과적 진단,Y,강박장애,-,2013-01,-,"집중력 저하,기억력 저하,불안,의심"
