생년월일,1991-11-09
연령(만),33
성별,남
결혼,기혼
자녀 수,0
최종 학력,학사
최종 학력(기타),-
현재 직업 유무,Y
있음 선택시 직종,사무직
직종(기타),-
체중,73.0
신장(cm),178.0
연 평균 가구 소득,6천만원 이상
종교,없음
과거 흡연 여부,N
지난 12주간 흡연 여부,-
하루평균 흡연량,-
지금까지 음주 여부,N
음주로 일생생활에 문제,-
음주 주종,-
음주 주종에 따른 1회 음주량,-
주간 음주 횟수,-
음주 기간,-
지난 12주간 음주 여부,N
음주 주종,-
음주 주종에 따른 1회 음주량,-
주간 음주 횟수,-
음주 기간,-
현재 혹은 과거에 음주로 일생생활에 문제,-
폐경 여부,해당없음
과거 자살 시도 여부,N
첫 자살기도 시 연령,-
과거 자살기도 횟수,-
지난 1달간 죽고 싶은 생각,Y
지난 1달간 자살시도 여부,N
과거 자해 시도 여부,N
첫 자해기도 시 연령,-
과거 자해기도 횟수,-
지난 1달간 자해하고 싶은 생각,N
지난 1달간 자해시도 여부,N
