﻿시작 시간,지속 시간(분),강도,증상,작성일
11:50,30,3,"심박수 증가, 호흡곤란, 질식감, 어지럼증, 비현실감(이인감)",2025-03-19
11:50,30,3,"심박수 증가, 호흡곤란, 답답함, 어지럼증, 감각 이상(마비), 비현실감(이인감), 통제상실(미칠 것 같은 두려움)",2025-03-19
07:04,20,2,"심박수 증가, 호흡곤란, 어지럼증, 오한(열감)",2025-03-20
23:00,20,3,"심박수 증가, 호흡곤란, 질식감, 어지럼증, 비현실감(이인감)",2025-03-20
11:30,15,2,"심박수 증가, 어지럼증, 비현실감(이인감)",2025-03-21
16:46,15,2,"심박수 증가, 답답함, 어지럼증",2025-03-21
22:00,30,4,"호흡곤란, 답답함, 어지럼증, 비현실감(이인감), 통제상실(미칠 것 같은 두려움)",2025-03-21
07:50,10,1,"심박수 증가, 호흡곤란, 답답함",2025-03-24
12:09,15,3,"심박수 증가, 호흡곤란, 질식감, 답답함, 어지럼증, 비현실감(이인감)",2025-03-24
15:10,15,4,"심박수 증가, 떨림, 답답함, 어지럼증, 통제상실(미칠 것 같은 두려움)",2025-03-24
17:10,1,4,"심박수 증가, 호흡곤란, 질식감, 답답함, 어지럼증, 감각 이상(마비), 비현실감(이인감), 통제상실(미칠 것 같은 두려움)",2025-03-24
06:54,10,1,"심박수 증가, 답답함",2025-03-25
20:40,15,1,심박수 증가,2025-03-25
06:53,10,2,"심박수 증가, 호흡곤란, 질식감, 통제상실(미칠 것 같은 두려움)",2025-03-26
16:53,5,2,"심박수 증가, 호흡곤란",2025-03-26
19:54,10,2,"심박수 증가, 호흡곤란, 질식감, 비현실감(이인감), 통제상실(미칠 것 같은 두려움)",2025-03-26
13:21,30,1,"심박수 증가, 답답함",2025-03-27
06:27,78,2,"심박수 증가, 답답함, 비현실감(이인감), 죽을 것 같은 두려움",2025-03-28
14:47,30,1,"심박수 증가, 호흡곤란, 답답함",2025-04-01
17:50,20,2,"심박수 증가, 호흡곤란, 질식감, 답답함, 어지럼증, 비현실감(이인감)",2025-04-02
14:51,20,1,"심박수 증가, 호흡곤란, 통제상실(미칠 것 같은 두려움)",2025-04-02
06:45,1,1,"심박수 증가, 호흡곤란, 질식감",2025-04-03
15:45,30,2,"질식감, 어지럼증, 비현실감(이인감), 통제상실(미칠 것 같은 두려움)",2025-04-03
16:15,20,2,"심박수 증가, 진땀, 호흡곤란, 질식감, 답답함, 비현실감(이인감)",2025-04-04
15:56,21,2,"심박수 증가, 호흡곤란, 질식감, 어지럼증",2025-04-10
23:56,24,2,"심박수 증가, 호흡곤란",2025-04-10
12:06,96,1,"심박수 증가, 호흡곤란",2025-04-12
14:07,20,3,"호흡곤란, 어지럼증, 감각 이상(마비), 비현실감(이인감), 통제상실(미칠 것 같은 두려움), 죽을 것 같은 두려움",2025-04-12
17:07,20,2,"심박수 증가, 질식감, 비현실감(이인감)",2025-04-12
15:06,30,1,"심박수 증가, 호흡곤란",2025-04-14
23:34,1,3,"심박수 증가, 진땀, 떨림, 호흡곤란",2025-04-15
