﻿시작 시간,지속 시간(분),강도,증상,작성일
19:00,15,1,"호흡곤란, 질식감, 답답함",2024-11-11
13:12,5,2,"호흡곤란, 질식감, 답답함",2024-11-17
23:00,30,3,"심박수 증가, 떨림, 호흡곤란, 질식감, 답답함, 구역감(복통)",2024-11-19
16:00,1,2,"떨림, 호흡곤란, 질식감, 답답함, 구역감(복통)",2024-11-20
21:30,5,1,"호흡곤란, 질식감, 답답함",2024-11-21
20:01,5,1,"떨림, 호흡곤란, 질식감, 답답함",2024-11-25
02:14,10,4,"심박수 증가, 떨림, 호흡곤란, 질식감, 답답함, 죽을 것 같은 두려움",2024-11-30
