﻿대분류,경험여부,질병,병명/물질/유형,발병시기,치료경과,경험한 신체적 질병이나 의학적 문제
정신과적 질병 경험,Y,양극성장애(조울증),-,-,-,-
정신과적 질병 경험,Y,공황장애,-,-,-,-
정신과적 진단,Y,양극성장애(조울증),-,2021-05,-,"우울기분,욕구증가(소비증가),흥미저하,감정기복,에너지 저하,불면,과수면,불안,공황,자살시도,자살 사고"
정신과적 진단,Y,공황장애,-,2021-05,-,"우울기분,욕구증가(소비증가),흥미저하,감정기복,에너지 저하,불면,과수면,불안,공황,자살시도,자살 사고"
