﻿대분류,경험여부,질병,병명/물질/유형,발병시기,치료경과,경험한 신체적 질병이나 의학적 문제
육체적 질병 경험,Y,디스크,-,2024-03,치료중,-
정신과적 질병 경험,Y,우울장애,-,-,-,-
정신과적 질병 경험,Y,공황장애,-,-,-,-
정신과적 질병 경험,Y,범불안장애,-,-,-,-
정신과적 질병 경험,Y,신경성 폭식증,-,-,-,-
정신과적 질병 경험,Y,양극성장애(조울증),-,-,-,-
정신과적 질병 경험,Y,신경성 식욕부진증,-,-,-,-
정신과적 질병 경험,Y,과식장애,-,-,-,-
정신과적 질병 경험,Y,인격장애,해리성 자해? 공황?,-,-,-
정신과적 진단,Y,우울장애,-,2011-01,-,"욕구증가(소비증가),흥미저하,감정기복,에너지 저하,에너지 증가,불면,집중력 저하,기억력 저하,생각의 양과 속도 증가,산만함,짜증,불안,공황,공격성,자책,망상,자살 사고"
정신과적 진단,Y,공황장애,-,2018-10,-,"감정기복,에너지 저하,과수면,집중력 저하,기억력 저하,생각의 양과 속도 증가,산만함,짜증,불안,공황,공격성,자책,환각(환청, 환시 등),망상,자살 사고"
정신과적 진단,Y,신경성 식욕부진증,-,2016-08,-,"감정기복,에너지 저하,불면"
정신과적 진단,Y,신경성 폭식증,-,2016-08,-,"욕구증가(소비증가),흥미저하,감정기복,에너지 저하,불면,짜증,불안"
정신과적 진단,Y,과식장애,-,2020-08,-,"우울기분,욕구증가(소비증가),감정기복,과수면,산만함,짜증,불안,자책,망상,자살 사고"
정신과적 진단,Y,인격장애,"스트레스 상황에 직면하면 해리성으로 자해, 자살시도 경험, 큰 스트레스나 공황증세에도 해리성 증상이 동반",2019-12,-,"감정기복,불면,과수면,생각의 양과 속도 증가,짜증,불안,공황,공격성,자책,자살시도,자살 사고"
