﻿시작 시간,지속 시간(분),강도,증상,작성일
16:00,3,1,기타,2024-11-08
14:00,5,1,구역감(복통),2024-11-10
16:24,20,3,"심박수 증가, 떨림, 질식감, 답답함, 구역감(복통), 기타",2024-11-12
09:27,10,3,"심박수 증가, 질식감, 구역감(복통), 어지럼증, 기타",2024-11-15
17:30,30,4,"심박수 증가, 진땀, 호흡곤란, 구역감(복통), 어지럼증, 통제상실(미칠 것 같은 두려움)",2024-11-16
17:00,120,2,"심박수 증가, 떨림, 호흡곤란, 질식감, 답답함, 어지럼증, 감각 이상(마비)",2024-11-17
17:20,15,2,"심박수 증가, 떨림, 오한(열감)",2024-11-22
13:00,30,1,"진땀, 질식감, 답답함, 기타",2024-11-23
20:20,10,1,"질식감, 답답함, 구역감(복통), 비현실감(이인감), 통제상실(미칠 것 같은 두려움), 죽을 것 같은 두려움",2024-11-24
14:00,10,1,"심박수 증가, 떨림, 어지럼증",2024-11-26
14:00,30,3,"심박수 증가, 진땀, 떨림, 질식감, 답답함, 통제상실(미칠 것 같은 두려움)",2024-11-27
13:30,60,5,"심박수 증가, 떨림, 호흡곤란, 질식감, 답답함, 구역감(복통), 통제상실(미칠 것 같은 두려움), 기타",2024-11-28
13:00,61,1,"심박수 증가, 호흡곤란, 구역감(복통), 어지럼증",2024-11-29
01:00,120,3,"심박수 증가, 진땀, 떨림, 질식감, 답답함, 감각 이상(마비), 통제상실(미칠 것 같은 두려움), 죽을 것 같은 두려움, 기타",2024-11-30
10:30,60,3,"심박수 증가, 진땀, 떨림, 질식감, 답답함, 어지럼증, 오한(열감), 통제상실(미칠 것 같은 두려움)",2024-12-02
14:00,60,3,"심박수 증가, 진땀, 떨림, 구역감(복통), 어지럼증",2024-12-03
19:00,60,2,"질식감, 구역감(복통), 어지럼증, 감각 이상(마비)",2024-12-03
